[
  {
    "model": "auth.group",
    "pk": 1,
    "fields": {
      "name": "\u0421\u043e\u0437\u0434\u0430\u043d\u0438\u0435 \u043e\u0431\u043e\u0440\u0443\u0434\u043e\u0432\u0430\u043d\u0438\u044f",
      "permissions": []
    }
  },
  {
    "model": "auth.group",
    "pk": 2,
    "fields": {
      "name": "\u041f\u0435\u0440\u0435\u043c\u0435\u0449\u0435\u043d\u0438\u0435 \u043e\u0431\u043e\u0440\u0443\u0434\u043e\u0432\u0430\u043d\u0438\u044f",
      "permissions": []
    }
  },
  {
    "model": "auth.user",
    "pk": 1,
    "fields": {
      "password": "pbkdf2_sha256$870000$HacisVUdIG83zWTRy3RzgM$nGkZbLNKxIRNw0klFihZ+o2Z97JR2A2B5pMsr5Zkejw=",
      "last_login": "2024-12-19T16:56:25.410Z",
      "is_superuser": true,
      "username": "admin",
      "first_name": "\u0410\u0434\u043c\u0438\u043d\u0438\u0441\u0442\u0440\u0430\u0442\u043e\u0440",
      "last_name": "",
      "email": "",
      "is_staff": true,
      "is_active": true,
      "date_joined": "2024-12-11T12:18:15Z",
      "groups": [
        2
      ],
      "user_permissions": []
    }
  },
  {
    "model": "auth.user",
    "pk": 2,
    "fields": {
      "password": "pbkdf2_sha256$870000$mPikALEnpe25L4QQWeQeDH$hl5cssUQs9fx0XSez1+Y/04wh8yFHa7mm7z/TR53JjE=",
      "last_login": "2024-12-18T18:36:08Z",
      "is_superuser": false,
      "username": "user",
      "first_name": "\u041f\u043e\u043b\u044c\u0437\u043e\u0432\u0430\u0442\u0435\u043b\u044c",
      "last_name": "",
      "email": "",
      "is_staff": false,
      "is_active": true,
      "date_joined": "2024-12-18T18:35:36Z",
      "groups": [],
      "user_permissions": []
    }
  },
  {
    "model": "sites.workcenter",
    "pk": 1,
    "fields": {
      "name": "\u0426\u0435\u043d\u0442\u0440\u0430\u043b\u044c\u043d\u044b\u0439 \u0443\u0447\u0430\u0441\u0442\u043e\u043a"
    }
  },
  {
    "model": "sites.site",
    "pk": 1,
    "fields": {
      "name": "\u0427\u0435\u043b\u044f\u0431\u0438\u043d\u0441\u043a\u0438\u0439",
      "workcenter": 1,
      "is_contractor": false
    }
  },
  {
    "model": "sites.site",
    "pk": 2,
    "fields": {
      "name": "\u0421\u0432\u0435\u0440\u0434\u043b\u043e\u0432\u0441\u043a\u0438\u0439",
      "workcenter": 1,
      "is_contractor": false
    }
  },
  {
    "model": "sites.site",
    "pk": 3,
    "fields": {
      "name": "(\u041f) \u0418\u041f \u0420\u0435\u043c\u043e\u043d\u0442 \u0446\u0438\u043b\u0438\u043d\u0434\u0440\u043e\u0432",
      "workcenter": 1,
      "is_contractor": true
    }
  },
  {
    "model": "accounts.customgroup",
    "pk": 2,
    "fields": {
      "site": null,
      "workcenter": null
    }
  },
  {
    "model": "common.techstateoption",
    "pk": 1,
    "fields": {
      "name": "\u0422\u0440\u0435\u0431\u0443\u0435\u0442 \u0442\u0435\u043a\u0443\u0449\u0435\u0433\u043e \u0440\u0435\u043c\u043e\u043d\u0442\u0430"
    }
  },
  {
    "model": "common.techstateoption",
    "pk": 2,
    "fields": {
      "name": "\u0422\u0440\u0435\u0431\u0443\u0435\u0442 \u043a\u0430\u043f\u0438\u0442\u0430\u043b\u044c\u043d\u043e\u0433\u043e \u0440\u0435\u043c\u043e\u043d\u0442\u0430"
    }
  },
  {
    "model": "common.techstateoption",
    "pk": 3,
    "fields": {
      "name": "\u0420\u0435\u043c\u043e\u043d\u0442\u0430 \u043d\u0435 \u0442\u0440\u0435\u0431\u0443\u0435\u0442"
    }
  },
  {
    "model": "common.techstateoption",
    "pk": 4,
    "fields": {
      "name": "\u0420\u0435\u043c\u043e\u043d\u0442 \u043d\u0435\u0446\u0435\u043b\u0435\u0441\u043e\u043e\u0431\u0440\u0430\u0437\u0435\u043d"
    }
  },
  {
    "model": "equipments.equipmenttype",
    "pk": 1,
    "fields": {
      "name": "\u042d\u043a\u0441\u043a\u0430\u0432\u0430\u0442\u043e\u0440",
      "icon": "",
      "slug": "excavator"
    }
  },
  {
    "model": "equipments.equipmentmodel",
    "pk": 1,
    "fields": {
      "name": "PC400",
      "equipment_type": 1,
      "manufacturer": ""
    }
  },
  {
    "model": "equipments.equipment",
    "pk": 1,
    "fields": {
      "name": null,
      "number": "501",
      "equipment_model": 1,
      "equipment_maintenance_group": null,
      "serial_number": null,
      "note": "",
      "inventory_number": null
    }
  },
  {
    "model": "equipments.relocationorder",
    "pk": 1,
    "fields": {
      "number": "100",
      "date": "2024-12-11",
      "from_site": 2,
      "to_site": 1,
      "scan": "orders/scan/20241211-100/\u041f\u0440\u0438\u043a\u0430\u0437_100.pdf",
      "status": "waiting",
      "created_at": "2024-12-16T14:38:45.028Z",
      "author": 1,
      "updated_by": 1,
      "updated_at": "2024-12-16T14:38:45.028Z",
      "equipments": [
        1
      ]
    }
  },
  {
    "model": "equipments.equipmentrelocation",
    "pk": 1,
    "fields": {
      "from_site": 2,
      "to_site": 1,
      "date": "2024-12-13",
      "reason": null,
      "note": null,
      "created_at": "2024-12-16T14:39:05.390Z",
      "author": 1,
      "equipment": 1,
      "order": 1
    }
  },
  {
    "model": "equipments.equipmentcurrentdata",
    "pk": 1,
    "fields": {
      "location": 1,
      "relocation_date": null,
      "techstate": null,
      "techstate_date": null,
      "is_being_repaired": null,
      "is_operable": null,
      "updated_by": 1,
      "updated_at": "2024-12-16T14:39:12.185Z",
      "equipment": 1
    }
  },
  {
    "model": "components.componentkind",
    "pk": 1,
    "fields": {
      "name": "\u0413\u0438\u0434\u0440\u043e\u0446\u0438\u043b\u0438\u043d\u0434\u0440"
    }
  },
  {
    "model": "components.componenttype",
    "pk": 1,
    "fields": {
      "name": "\u0426\u0438\u043b\u0438\u043d\u0434\u0440 \u0441\u0442\u0440\u0435\u043b\u044b PC400",
      "kind": 1,
      "note": ""
    }
  },
  {
    "model": "components.componentinstallationlocation",
    "pk": 1,
    "fields": {
      "name": "\u041b\u0435\u0432\u0430\u044f \u0441\u0442\u043e\u0440\u043e\u043d\u0430"
    }
  },
  {
    "model": "components.componentinstallationlocation",
    "pk": 2,
    "fields": {
      "name": "\u041f\u0440\u0430\u0432\u0430\u044f \u0441\u0442\u043e\u0440\u043e\u043d\u0430"
    }
  },
  {
    "model": "components.component",
    "pk": 1,
    "fields": {
      "number": "001",
      "serial_number": null,
      "component_type": 1,
      "note": "",
      "requires_reconciliation": null,
      "is_serial_number_marked": false,
      "nomenclature_code": null,
      "is_compliant_with_accounting": false
    }
  },
  {
    "model": "components.component",
    "pk": 2,
    "fields": {
      "number": "002",
      "serial_number": null,
      "component_type": 1,
      "note": "",
      "requires_reconciliation": null,
      "is_serial_number_marked": false,
      "nomenclature_code": null,
      "is_compliant_with_accounting": false
    }
  },
  {
    "model": "components.componentstate",
    "pk": 1,
    "fields": {
      "name": "\u0412 \u043e\u0436\u0438\u0434\u0430\u043d\u0438\u0438 \u0440\u0435\u043c\u043e\u043d\u0442\u0430"
    }
  },
  {
    "model": "components.componentstate",
    "pk": 2,
    "fields": {
      "name": "\u0420\u0435\u043c\u043e\u043d\u0442"
    }
  },
  {
    "model": "components.componenttask",
    "pk": 1,
    "fields": {
      "component": 1
    }
  },
  {
    "model": "components.componentrepair",
    "pk": 1,
    "fields": {
      "component": 1,
      "executor": 3,
      "worklist": "",
      "created_at": "2024-12-16",
      "completed_at": null,
      "completed": true,
      "plan_end_date": null,
      "note": "",
      "priority": "\u0421\u0440\u043e\u0447\u043d\u043e"
    }
  },
  {
    "model": "components.componentrepair",
    "pk": 2,
    "fields": {
      "component": 1,
      "executor": null,
      "worklist": "",
      "created_at": "2024-12-17",
      "completed_at": null,
      "completed": true,
      "plan_end_date": null,
      "note": "",
      "priority": "\u041d\u0435 \u0441\u0440\u043e\u0447\u043d\u043e"
    }
  },
  {
    "model": "components.componentrepair",
    "pk": 3,
    "fields": {
      "component": 2,
      "executor": null,
      "worklist": "",
      "created_at": "2024-12-17",
      "completed_at": null,
      "completed": true,
      "plan_end_date": null,
      "note": "",
      "priority": "\u041d\u0435 \u0441\u0440\u043e\u0447\u043d\u043e"
    }
  },
  {
    "model": "components.componentrepair",
    "pk": 4,
    "fields": {
      "component": 1,
      "executor": null,
      "worklist": "",
      "created_at": "2024-12-18",
      "completed_at": null,
      "completed": false,
      "plan_end_date": null,
      "note": "",
      "priority": "\u041d\u0435 \u0441\u0440\u043e\u0447\u043d\u043e"
    }
  },
  {
    "model": "components.componentrepair",
    "pk": 5,
    "fields": {
      "component": 1,
      "executor": null,
      "worklist": "",
      "created_at": "2024-12-18",
      "completed_at": null,
      "completed": false,
      "plan_end_date": null,
      "note": "",
      "priority": "\u041d\u0435 \u0441\u0440\u043e\u0447\u043d\u043e"
    }
  },
  {
    "model": "components.componentrepair",
    "pk": 6,
    "fields": {
      "component": 2,
      "executor": null,
      "worklist": "",
      "created_at": "2024-12-18",
      "completed_at": null,
      "completed": true,
      "plan_end_date": null,
      "note": "",
      "priority": "\u041d\u0435 \u0441\u0440\u043e\u0447\u043d\u043e"
    }
  },
  {
    "model": "components.componentinstallation",
    "pk": 1,
    "fields": {
      "to_equipment": 1,
      "date": "2022-05-01",
      "location": 1,
      "note": "",
      "created_at": "2024-12-11T17:29:58.410Z",
      "author": 1,
      "component": 1
    }
  },
  {
    "model": "components.componenttypeequipmentmodel",
    "pk": 1,
    "fields": {
      "component_type": 1,
      "equipment_model": 1,
      "location": 1
    }
  },
  {
    "model": "components.componenttypeequipmentmodel",
    "pk": 2,
    "fields": {
      "component_type": 1,
      "equipment_model": 1,
      "location": 2
    }
  },
  {
    "model": "components.componentcurrentdata",
    "pk": 1,
    "fields": {
      "location": null,
      "relocation_date": null,
      "techstate": null,
      "techstate_date": null,
      "is_being_repaired": null,
      "is_operable": null,
      "updated_by": 1,
      "updated_at": "2024-12-17T09:17:42.813Z",
      "component": 1,
      "equipment": 1,
      "installation_date": "2022-05-01",
      "component_location": 1,
      "state": 2
    }
  },
  {
    "model": "components.componentcurrentdata",
    "pk": 2,
    "fields": {
      "location": null,
      "relocation_date": null,
      "techstate": null,
      "techstate_date": null,
      "is_being_repaired": null,
      "is_operable": null,
      "updated_by": 1,
      "updated_at": "2024-12-17T09:06:28.110Z",
      "component": 2,
      "equipment": null,
      "installation_date": null,
      "component_location": null,
      "state": 2
    }
  },
  {
    "model": "components.componentattachment",
    "pk": 1,
    "fields": {
      "attachment_file": "component/001/\u0428\u0438\u043b\u044c\u0434\u0438\u043a/\u0420\u0438\u0441\u0443\u043d\u043e\u043a1211_1.jpg",
      "component": 1,
      "attachment_type": "\u0428\u0438\u043b\u044c\u0434\u0438\u043a",
      "created_at": "2024-12-19T17:01:18.940Z",
      "author": 1,
      "file_size": "647 \u043a\u0411"
    }
  }
]