[
  {
    "model": "auth.group",
    "pk": 1,
    "fields": {
      "name": "\u0421\u043e\u0437\u0434\u0430\u043d\u0438\u0435 \u043e\u0431\u043e\u0440\u0443\u0434\u043e\u0432\u0430\u043d\u0438\u044f",
      "permissions": []
    }
  },
  {
    "model": "auth.group",
    "pk": 2,
    "fields": {
      "name": "\u041f\u0435\u0440\u0435\u043c\u0435\u0449\u0435\u043d\u0438\u0435 \u043e\u0431\u043e\u0440\u0443\u0434\u043e\u0432\u0430\u043d\u0438\u044f",
      "permissions": []
    }
  },
  {
    "model": "auth.user",
    "pk": 1,
    "fields": {
      "password": "pbkdf2_sha256$870000$HacisVUdIG83zWTRy3RzgM$nGkZbLNKxIRNw0klFihZ+o2Z97JR2A2B5pMsr5Zkejw=",
      "last_login": "2025-01-12T12:11:54.551Z",
      "is_superuser": true,
      "username": "admin",
      "first_name": "\u0410\u0434\u043c\u0438\u043d\u0438\u0441\u0442\u0440\u0430\u0442\u043e\u0440",
      "last_name": "",
      "email": "",
      "is_staff": true,
      "is_active": true,
      "date_joined": "2024-12-11T12:18:15Z",
      "groups": [
        2
      ],
      "user_permissions": []
    }
  },
  {
    "model": "auth.user",
    "pk": 2,
    "fields": {
      "password": "pbkdf2_sha256$870000$mPikALEnpe25L4QQWeQeDH$hl5cssUQs9fx0XSez1+Y/04wh8yFHa7mm7z/TR53JjE=",
      "last_login": "2024-12-26T12:40:46.668Z",
      "is_superuser": false,
      "username": "user",
      "first_name": "\u041f\u043e\u043b\u044c\u0437\u043e\u0432\u0430\u0442\u0435\u043b\u044c",
      "last_name": "",
      "email": "",
      "is_staff": false,
      "is_active": true,
      "date_joined": "2024-12-18T18:35:36Z",
      "groups": [],
      "user_permissions": []
    }
  },
  {
    "model": "accounts.customgroup",
    "pk": 2,
    "fields": {
      "site": null,
      "workcenter": null
    }
  },
  {
    "model": "tasks.task",
    "pk": 1,
    "fields": {
      "task_type": "component",
      "name": "\u0421\u0432\u0435\u0440\u043a\u0430 \u0441\u0435\u0440\u0438\u0439\u043d\u043e\u0433\u043e \u043d\u043e\u043c\u0435\u0440\u0430",
      "content": "",
      "executor": 2,
      "executor_job_title": null,
      "created_at": "2024-12-19T04:41:22.641Z",
      "author": 1,
      "planned_completion_date": null,
      "completed_at": null,
      "completed": false,
      "updated_by": 1,
      "updated_at": "2024-12-19T04:41:22.641Z",
      "verified": false,
      "has_been_read": false,
      "needs_comment": false,
      "priority": "\u041d\u0435 \u0441\u0440\u043e\u0447\u043d\u043e"
    }
  },
  {
    "model": "sites.workcenter",
    "pk": 1,
    "fields": {
      "name": "\u0426\u0435\u043d\u0442\u0440\u0430\u043b\u044c\u043d\u044b\u0439 \u0443\u0447\u0430\u0441\u0442\u043e\u043a"
    }
  },
  {
    "model": "sites.workcenter",
    "pk": 2,
    "fields": {
      "name": "\u042e\u0436\u043d\u044b\u0439 \u0443\u0447\u0430\u0441\u0442\u043e\u043a"
    }
  },
  {
    "model": "sites.site",
    "pk": 1,
    "fields": {
      "name": "\u0427\u0435\u043b\u044f\u0431\u0438\u043d\u0441\u043a\u0438\u0439",
      "workcenter": 1,
      "is_contractor": false,
      "warehouse_group": 2
    }
  },
  {
    "model": "sites.site",
    "pk": 2,
    "fields": {
      "name": "\u0421\u0432\u0435\u0440\u0434\u043b\u043e\u0432\u0441\u043a\u0438\u0439",
      "workcenter": 1,
      "is_contractor": false,
      "warehouse_group": null
    }
  },
  {
    "model": "sites.site",
    "pk": 3,
    "fields": {
      "name": "(\u041f) \u0418\u041f \u0420\u0435\u043c\u043e\u043d\u0442 \u0446\u0438\u043b\u0438\u043d\u0434\u0440\u043e\u0432",
      "workcenter": 1,
      "is_contractor": true,
      "warehouse_group": 1
    }
  },
  {
    "model": "sites.site",
    "pk": 4,
    "fields": {
      "name": "\u041c\u0438\u0445\u0430\u0439\u043b\u043e\u0432\u0441\u043a\u0438\u0439 \u0413\u041e\u041a",
      "workcenter": 1,
      "is_contractor": false,
      "warehouse_group": 3
    }
  },
  {
    "model": "sites.site",
    "pk": 5,
    "fields": {
      "name": "\u0421\u0430\u043c\u043e\u0442\u043b\u043e\u0440\u0441\u043a\u043e\u0435 \u043c\u0435\u0441\u0442\u043e\u0440\u043e\u0436\u0434\u0435\u043d\u0438\u0435",
      "workcenter": 2,
      "is_contractor": false,
      "warehouse_group": 4
    }
  },
  {
    "model": "sites.site",
    "pk": 6,
    "fields": {
      "name": "\u041f\u0440\u0438\u043e\u0431\u0441\u043a\u043e\u0435 \u043c\u0435\u0441\u0442\u043e\u0440\u043e\u0436\u0434\u0435\u043d\u0438\u0435",
      "workcenter": 2,
      "is_contractor": false,
      "warehouse_group": 5
    }
  },
  {
    "model": "sites.site",
    "pk": 7,
    "fields": {
      "name": "\u0410\u0440\u043b\u0430\u043d\u0441\u043a\u043e\u0435 \u043c\u0435\u0441\u0442\u043e\u0440\u043e\u0436\u0434\u0435\u043d\u0438\u0435",
      "workcenter": 1,
      "is_contractor": false,
      "warehouse_group": 1
    }
  },
  {
    "model": "sites.site",
    "pk": 8,
    "fields": {
      "name": "(\u041f) \u0420\u0435\u043c\u043e\u043d\u0442 \u043d\u0430\u0441\u043e\u0441\u043e\u0432",
      "workcenter": 2,
      "is_contractor": true,
      "warehouse_group": 2
    }
  },
  {
    "model": "common.techstateoption",
    "pk": 1,
    "fields": {
      "name": "\u0422\u0440\u0435\u0431\u0443\u0435\u0442 \u0442\u0435\u043a\u0443\u0449\u0435\u0433\u043e \u0440\u0435\u043c\u043e\u043d\u0442\u0430"
    }
  },
  {
    "model": "common.techstateoption",
    "pk": 2,
    "fields": {
      "name": "\u0422\u0440\u0435\u0431\u0443\u0435\u0442 \u043a\u0430\u043f\u0438\u0442\u0430\u043b\u044c\u043d\u043e\u0433\u043e \u0440\u0435\u043c\u043e\u043d\u0442\u0430"
    }
  },
  {
    "model": "common.techstateoption",
    "pk": 3,
    "fields": {
      "name": "\u0420\u0435\u043c\u043e\u043d\u0442\u0430 \u043d\u0435 \u0442\u0440\u0435\u0431\u0443\u0435\u0442"
    }
  },
  {
    "model": "common.techstateoption",
    "pk": 4,
    "fields": {
      "name": "\u0420\u0435\u043c\u043e\u043d\u0442 \u043d\u0435\u0446\u0435\u043b\u0435\u0441\u043e\u043e\u0431\u0440\u0430\u0437\u0435\u043d"
    }
  },
  {
    "model": "common.deinstallationreason",
    "pk": 1,
    "fields": {
      "reason": "\u041d\u0435\u0438\u0441\u043f\u0440\u0430\u0432\u0435\u043d"
    }
  },
  {
    "model": "equipments.equipmenttype",
    "pk": 1,
    "fields": {
      "name": "\u042d\u043a\u0441\u043a\u0430\u0432\u0430\u0442\u043e\u0440",
      "icon": "",
      "slug": "excavator"
    }
  },
  {
    "model": "equipments.equipmentmodel",
    "pk": 1,
    "fields": {
      "name": "PC400",
      "equipment_type": 1,
      "manufacturer": ""
    }
  },
  {
    "model": "equipments.equipment",
    "pk": 1,
    "fields": {
      "name": null,
      "number": "501",
      "equipment_model": 1,
      "equipment_maintenance_group": null,
      "serial_number": null,
      "note": "",
      "inventory_number": null,
      "decommissioned": false
    }
  },
  {
    "model": "equipments.equipment",
    "pk": 2,
    "fields": {
      "name": null,
      "number": "502",
      "equipment_model": 1,
      "equipment_maintenance_group": null,
      "serial_number": null,
      "note": "",
      "inventory_number": null,
      "decommissioned": false
    }
  },
  {
    "model": "equipments.equipment",
    "pk": 3,
    "fields": {
      "name": null,
      "number": "503",
      "equipment_model": 1,
      "equipment_maintenance_group": null,
      "serial_number": null,
      "note": "",
      "inventory_number": null,
      "decommissioned": true
    }
  },
  {
    "model": "equipments.relocationorder",
    "pk": 1,
    "fields": {
      "number": "100",
      "date": "2024-12-11",
      "from_site": 2,
      "to_site": 1,
      "scan": "orders/scan/20241211-100/\u041f\u0440\u0438\u043a\u0430\u0437_100.pdf",
      "status": "waiting",
      "created_at": "2024-12-16T14:38:45.028Z",
      "author": 1,
      "updated_by": 1,
      "updated_at": "2024-12-16T14:38:45.028Z",
      "equipments": [
        1
      ]
    }
  },
  {
    "model": "equipments.relocationorder",
    "pk": 2,
    "fields": {
      "number": "003",
      "date": "2024-12-13",
      "from_site": 7,
      "to_site": 4,
      "scan": "",
      "status": "waiting",
      "created_at": "2024-12-26T10:51:44.616Z",
      "author": 1,
      "updated_by": 1,
      "updated_at": "2024-12-26T10:51:44.616Z",
      "equipments": [
        2
      ]
    }
  },
  {
    "model": "equipments.equipmentrelocation",
    "pk": 1,
    "fields": {
      "from_site": 2,
      "to_site": 1,
      "date": "2024-12-13",
      "reason": null,
      "note": null,
      "created_at": "2024-12-16T14:39:05.390Z",
      "author": 1,
      "equipment": 1,
      "order": 1
    }
  },
  {
    "model": "equipments.equipmentrelocation",
    "pk": 2,
    "fields": {
      "from_site": 1,
      "to_site": 2,
      "date": "2024-11-30",
      "reason": null,
      "note": "",
      "created_at": "2024-12-20T09:01:24.053Z",
      "author": 1,
      "equipment": 2,
      "order": null
    }
  },
  {
    "model": "equipments.equipmentcurrentdata",
    "pk": 1,
    "fields": {
      "location": 1,
      "relocation_date": null,
      "techstate": null,
      "techstate_date": null,
      "is_being_repaired": null,
      "is_operable": null,
      "updated_by": 1,
      "updated_at": "2024-12-16T14:39:12.185Z",
      "equipment": 1
    }
  },
  {
    "model": "equipments.equipmentcurrentdata",
    "pk": 2,
    "fields": {
      "location": 2,
      "relocation_date": null,
      "techstate": null,
      "techstate_date": null,
      "is_being_repaired": null,
      "is_operable": null,
      "updated_by": 1,
      "updated_at": "2024-12-20T09:01:24.095Z",
      "equipment": 2
    }
  },
  {
    "model": "components.componentkind",
    "pk": 1,
    "fields": {
      "name": "\u0413\u0438\u0434\u0440\u043e\u0446\u0438\u043b\u0438\u043d\u0434\u0440"
    }
  },
  {
    "model": "components.componentkind",
    "pk": 2,
    "fields": {
      "name": "\u0414\u0412\u0421"
    }
  },
  {
    "model": "components.componenttype",
    "pk": 1,
    "fields": {
      "name": "\u0426\u0438\u043b\u0438\u043d\u0434\u0440 \u0441\u0442\u0440\u0435\u043b\u044b PC400",
      "kind": 1,
      "note": ""
    }
  },
  {
    "model": "components.componenttype",
    "pk": 2,
    "fields": {
      "name": "\u0414\u0412\u0421 C27",
      "kind": 2,
      "note": ""
    }
  },
  {
    "model": "components.componentinstallationlocation",
    "pk": 1,
    "fields": {
      "name": "\u041b\u0435\u0432\u0430\u044f \u0441\u0442\u043e\u0440\u043e\u043d\u0430"
    }
  },
  {
    "model": "components.componentinstallationlocation",
    "pk": 2,
    "fields": {
      "name": "\u041f\u0440\u0430\u0432\u0430\u044f \u0441\u0442\u043e\u0440\u043e\u043d\u0430"
    }
  },
  {
    "model": "components.component",
    "pk": 1,
    "fields": {
      "number": "001",
      "serial_number": null,
      "component_type": 1,
      "note": "\u0422\u0440\u0435\u0431\u0443\u0435\u0442 \u0432\u043d\u0438\u043c\u0430\u043d\u0438\u044f",
      "requires_reconciliation": null,
      "is_serial_number_marked": false,
      "nomenclature_code": "001245"
    }
  },
  {
    "model": "components.component",
    "pk": 2,
    "fields": {
      "number": "002",
      "serial_number": null,
      "component_type": 1,
      "note": null,
      "requires_reconciliation": null,
      "is_serial_number_marked": false,
      "nomenclature_code": "001246"
    }
  },
  {
    "model": "components.component",
    "pk": 3,
    "fields": {
      "number": "003",
      "serial_number": "SSF44569",
      "component_type": 2,
      "note": null,
      "requires_reconciliation": null,
      "is_serial_number_marked": false,
      "nomenclature_code": "001247"
    }
  },
  {
    "model": "components.component",
    "pk": 4,
    "fields": {
      "number": "004",
      "serial_number": "SSF44529",
      "component_type": 2,
      "note": "",
      "requires_reconciliation": null,
      "is_serial_number_marked": false,
      "nomenclature_code": null
    }
  },
  {
    "model": "components.componentstate",
    "pk": 1,
    "fields": {
      "name": "\u0412 \u043e\u0436\u0438\u0434\u0430\u043d\u0438\u0438 \u0440\u0435\u043c\u043e\u043d\u0442\u0430"
    }
  },
  {
    "model": "components.componentstate",
    "pk": 2,
    "fields": {
      "name": "\u0420\u0435\u043c\u043e\u043d\u0442"
    }
  },
  {
    "model": "components.componenttask",
    "pk": 1,
    "fields": {
      "component": 1
    }
  },
  {
    "model": "components.componentrepair",
    "pk": 9,
    "fields": {
      "component": 3,
      "contractor": 2,
      "contract": 5,
      "appendix": null,
      "invoice": null,
      "worklist": "",
      "created_at": "2024-12-29",
      "completed_at": "2025-01-06",
      "plan_end_date": null,
      "note": "",
      "priority": "\u041d\u0435 \u0441\u0440\u043e\u0447\u043d\u043e"
    }
  },
  {
    "model": "components.componentrepair",
    "pk": 10,
    "fields": {
      "component": 4,
      "contractor": 2,
      "contract": 5,
      "appendix": null,
      "invoice": null,
      "worklist": "",
      "created_at": "2024-12-29",
      "completed_at": null,
      "plan_end_date": null,
      "note": "",
      "priority": "\u041d\u0435 \u0441\u0440\u043e\u0447\u043d\u043e"
    }
  },
  {
    "model": "components.componentrepair",
    "pk": 11,
    "fields": {
      "component": 1,
      "contractor": 1,
      "contract": null,
      "appendix": 3,
      "invoice": null,
      "worklist": "",
      "created_at": "2024-12-29",
      "completed_at": "2024-12-05",
      "plan_end_date": null,
      "note": "",
      "priority": "\u041d\u0435 \u0441\u0440\u043e\u0447\u043d\u043e"
    }
  },
  {
    "model": "components.componentrepair",
    "pk": 12,
    "fields": {
      "component": 2,
      "contractor": 1,
      "contract": null,
      "appendix": 3,
      "invoice": null,
      "worklist": "",
      "created_at": "2024-12-29",
      "completed_at": null,
      "plan_end_date": null,
      "note": "",
      "priority": "\u041d\u0435 \u0441\u0440\u043e\u0447\u043d\u043e"
    }
  },
  {
    "model": "components.componentrepair",
    "pk": 13,
    "fields": {
      "component": 1,
      "contractor": null,
      "contract": null,
      "appendix": null,
      "invoice": 2,
      "worklist": "",
      "created_at": "2025-01-09",
      "completed_at": null,
      "plan_end_date": null,
      "note": "",
      "priority": "\u041d\u0435 \u0441\u0440\u043e\u0447\u043d\u043e"
    }
  },
  {
    "model": "components.componentrepair",
    "pk": 14,
    "fields": {
      "component": 3,
      "contractor": null,
      "contract": null,
      "appendix": null,
      "invoice": 2,
      "worklist": "",
      "created_at": "2025-01-09",
      "completed_at": null,
      "plan_end_date": null,
      "note": "",
      "priority": "\u041d\u0435 \u0441\u0440\u043e\u0447\u043d\u043e"
    }
  },
  {
    "model": "components.componentrepair",
    "pk": 15,
    "fields": {
      "component": 2,
      "contractor": null,
      "contract": null,
      "appendix": null,
      "invoice": 3,
      "worklist": "",
      "created_at": "2025-01-09",
      "completed_at": null,
      "plan_end_date": null,
      "note": "",
      "priority": "\u041d\u0435 \u0441\u0440\u043e\u0447\u043d\u043e"
    }
  },
  {
    "model": "components.componentrepair",
    "pk": 16,
    "fields": {
      "component": 3,
      "contractor": null,
      "contract": null,
      "appendix": null,
      "invoice": null,
      "worklist": "",
      "created_at": "2025-01-10",
      "completed_at": null,
      "plan_end_date": null,
      "note": "\u041e\u0436\u0438\u0434\u0430\u043d\u0438\u0435 \u0434\u0435\u0444\u0435\u043a\u0442\u043e\u0432\u043a\u0438",
      "priority": "\u041d\u0435 \u0441\u0440\u043e\u0447\u043d\u043e"
    }
  },
  {
    "model": "components.componentrepairattachment",
    "pk": 1,
    "fields": {
      "attachment_file": "repairs/12/File.pdf",
      "repair": 12,
      "description": "\u0424\u043e\u0442\u043e",
      "created_at": "2025-01-07T17:25:05.571Z",
      "author": 1,
      "file_size": "730 \u043a\u0411"
    }
  },
  {
    "model": "components.componentrelocation",
    "pk": 1,
    "fields": {
      "from_site": null,
      "to_site": 1,
      "date": "2025-01-06",
      "reason": null,
      "note": null,
      "created_at": "2025-01-12T15:17:12.731Z",
      "author": 1,
      "component": 1
    }
  },
  {
    "model": "components.componentrelocation",
    "pk": 2,
    "fields": {
      "from_site": null,
      "to_site": 7,
      "date": "2025-01-08",
      "reason": null,
      "note": "",
      "created_at": "2025-01-12T15:40:53.780Z",
      "author": 1,
      "component": 2
    }
  },
  {
    "model": "components.componentrelocation",
    "pk": 3,
    "fields": {
      "from_site": null,
      "to_site": 6,
      "date": "2025-01-09",
      "reason": null,
      "note": "",
      "created_at": "2025-01-12T15:41:18.072Z",
      "author": 1,
      "component": 3
    }
  },
  {
    "model": "components.componentrelocation",
    "pk": 4,
    "fields": {
      "from_site": null,
      "to_site": 5,
      "date": "2025-01-09",
      "reason": null,
      "note": "",
      "created_at": "2025-01-12T15:41:37.587Z",
      "author": 1,
      "component": 4
    }
  },
  {
    "model": "components.componentinstallation",
    "pk": 1,
    "fields": {
      "to_equipment": 1,
      "date": "2022-05-01",
      "location": 1,
      "note": "",
      "created_at": "2024-12-11T17:29:58.410Z",
      "author": 1,
      "component": 1
    }
  },
  {
    "model": "components.componentdeinstallation",
    "pk": 1,
    "fields": {
      "from_equipment": 1,
      "date": "2025-01-06",
      "reason": 1,
      "note": "",
      "created_at": "2025-01-12T15:17:12.669Z",
      "author": 1,
      "component": 1
    }
  },
  {
    "model": "components.componenttypeequipmentmodel",
    "pk": 1,
    "fields": {
      "component_type": 1,
      "equipment_model": 1,
      "location": 1
    }
  },
  {
    "model": "components.componenttypeequipmentmodel",
    "pk": 2,
    "fields": {
      "component_type": 1,
      "equipment_model": 1,
      "location": 2
    }
  },
  {
    "model": "components.componentcurrentdata",
    "pk": 1,
    "fields": {
      "location": 1,
      "relocation_date": "2025-01-06",
      "techstate": null,
      "techstate_date": null,
      "is_being_repaired": null,
      "is_operable": null,
      "updated_by": 1,
      "updated_at": "2025-01-12T16:31:53.424Z",
      "component": 1,
      "equipment": null,
      "installation_date": "2025-01-06",
      "component_location": null,
      "state": 2
    }
  },
  {
    "model": "components.componentcurrentdata",
    "pk": 2,
    "fields": {
      "location": 7,
      "relocation_date": "2025-01-08",
      "techstate": null,
      "techstate_date": null,
      "is_being_repaired": null,
      "is_operable": null,
      "updated_by": 1,
      "updated_at": "2025-01-12T15:40:53.869Z",
      "component": 2,
      "equipment": null,
      "installation_date": null,
      "component_location": null,
      "state": 2
    }
  },
  {
    "model": "components.componentcurrentdata",
    "pk": 3,
    "fields": {
      "location": 6,
      "relocation_date": "2025-01-09",
      "techstate": null,
      "techstate_date": null,
      "is_being_repaired": null,
      "is_operable": null,
      "updated_by": 1,
      "updated_at": "2025-01-12T15:41:18.129Z",
      "component": 3,
      "equipment": null,
      "installation_date": null,
      "component_location": null,
      "state": 1
    }
  },
  {
    "model": "components.componentcurrentdata",
    "pk": 4,
    "fields": {
      "location": 5,
      "relocation_date": "2025-01-09",
      "techstate": null,
      "techstate_date": null,
      "is_being_repaired": null,
      "is_operable": null,
      "updated_by": 1,
      "updated_at": "2025-01-12T15:41:37.715Z",
      "component": 4,
      "equipment": null,
      "installation_date": null,
      "component_location": null,
      "state": null
    }
  },
  {
    "model": "components.componentattachment",
    "pk": 1,
    "fields": {
      "attachment_file": "component/001/\u0428\u0438\u043b\u044c\u0434\u0438\u043a/\u0420\u0438\u0441\u0443\u043d\u043e\u043a1211_1.jpg",
      "component": 1,
      "attachment_type": "\u0428\u0438\u043b\u044c\u0434\u0438\u043a",
      "created_at": "2024-12-19T17:01:18.940Z",
      "author": 1,
      "file_size": "647 \u043a\u0411"
    }
  },
  {
    "model": "components.componentattachment",
    "pk": 2,
    "fields": {
      "attachment_file": "component/001/\u0424\u043e\u0442\u043e \u043a\u043e\u043c\u043f\u043e\u043d\u0435\u043d\u0442\u0430/File.pdf",
      "component": 1,
      "attachment_type": "\u0424\u043e\u0442\u043e \u043a\u043e\u043c\u043f\u043e\u043d\u0435\u043d\u0442\u0430",
      "created_at": "2024-12-19T17:42:36.323Z",
      "author": 1,
      "file_size": "730 \u043a\u0411"
    }
  },
  {
    "model": "contractors.contractor",
    "pk": 1,
    "fields": {
      "name": "\u0418\u041f \u0420\u0435\u043c\u043e\u043d\u0442 \u0446\u0438\u043b\u0438\u043d\u0434\u0440\u043e\u0432"
    }
  },
  {
    "model": "contractors.contractor",
    "pk": 2,
    "fields": {
      "name": "\u0418\u041f \u0420\u0435\u043c\u043e\u043d\u0442 \u0434\u0432\u0438\u0433\u0430\u0442\u0435\u043b\u0435\u0439"
    }
  },
  {
    "model": "contractors.contractor",
    "pk": 3,
    "fields": {
      "name": "\u0418\u041f \u0420\u0435\u043c\u043e\u043d\u0442 \u043d\u0430\u0441\u043e\u0441\u043e\u0432"
    }
  },
  {
    "model": "contractors.contract",
    "pk": 5,
    "fields": {
      "number": "122",
      "date": "2024-12-29",
      "contractor": 2,
      "description": "\u0420\u0435\u043c\u043e\u043d\u0442 \u0414\u0412\u0421"
    }
  },
  {
    "model": "contractors.contract",
    "pk": 6,
    "fields": {
      "number": "225",
      "date": "2024-12-29",
      "contractor": 1,
      "description": null
    }
  },
  {
    "model": "contractors.contract",
    "pk": 7,
    "fields": {
      "number": "221",
      "date": "2025-01-09",
      "contractor": 3,
      "description": null
    }
  },
  {
    "model": "contractors.appendix",
    "pk": 3,
    "fields": {
      "number": "54",
      "date": "2024-12-29",
      "contract": 6,
      "note": null
    }
  },
  {
    "model": "contractors.appendix",
    "pk": 4,
    "fields": {
      "number": "55",
      "date": "2024-12-29",
      "contract": 6,
      "note": null
    }
  },
  {
    "model": "contractors.quotation",
    "pk": 1,
    "fields": {
      "number": null,
      "date": "2024-12-01",
      "contractor": 2,
      "description": "\u041a\u041f \u043d\u0430 \u0440\u0435\u043c\u043e\u043d\u0442 \u0414\u0412\u0421 001",
      "components": [
        1
      ]
    }
  },
  {
    "model": "contractors.quotationattachment",
    "pk": 1,
    "fields": {
      "attachment_file": "quotations/\u0418\u041f \u0420\u0435\u043c\u043e\u043d\u0442 \u0434\u0432\u0438\u0433\u0430\u0442\u0435\u043b\u0435\u0439/20241201/File.pdf",
      "quotation": 1,
      "file_size": "730 \u043a\u0411"
    }
  },
  {
    "model": "contractors.invoice",
    "pk": 1,
    "fields": {
      "number": "1232",
      "date": "2025-01-09",
      "contractor": 3,
      "contract": 7,
      "note": null
    }
  },
  {
    "model": "contractors.invoice",
    "pk": 2,
    "fields": {
      "number": "43",
      "date": "2025-01-09",
      "contractor": 1,
      "contract": 6,
      "note": null
    }
  },
  {
    "model": "contractors.invoice",
    "pk": 3,
    "fields": {
      "number": "321",
      "date": "2025-01-01",
      "contractor": 1,
      "contract": 6,
      "note": null
    }
  },
  {
    "model": "contractors.invoiceattachment",
    "pk": 1,
    "fields": {
      "attachment_file": "invoices/\u0418\u041f \u0420\u0435\u043c\u043e\u043d\u0442 \u043d\u0430\u0441\u043e\u0441\u043e\u0432/20250109/File.pdf",
      "invoice": 1,
      "file_size": "730 \u043a\u0411"
    }
  },
  {
    "model": "contractors.invoiceattachment",
    "pk": 2,
    "fields": {
      "attachment_file": "invoices/\u0418\u041f \u0420\u0435\u043c\u043e\u043d\u0442 \u0446\u0438\u043b\u0438\u043d\u0434\u0440\u043e\u0432/20250109/File.pdf",
      "invoice": 2,
      "file_size": "730 \u043a\u0411"
    }
  },
  {
    "model": "contractors.invoiceattachment",
    "pk": 3,
    "fields": {
      "attachment_file": "invoices/\u0418\u041f \u0420\u0435\u043c\u043e\u043d\u0442 \u0446\u0438\u043b\u0438\u043d\u0434\u0440\u043e\u0432/20250109/File_JcVsCW0.pdf",
      "invoice": 2,
      "file_size": "730 \u043a\u0411"
    }
  },
  {
    "model": "contractors.invoiceattachment",
    "pk": 4,
    "fields": {
      "attachment_file": "invoices/\u0418\u041f \u0420\u0435\u043c\u043e\u043d\u0442 \u0446\u0438\u043b\u0438\u043d\u0434\u0440\u043e\u0432/20250101/File.pdf",
      "invoice": 3,
      "file_size": "730 \u043a\u0411"
    }
  },
  {
    "model": "importer.warehousegroup",
    "pk": 1,
    "fields": {
      "name": "\u0426\u0435\u043d\u0442\u0440"
    }
  },
  {
    "model": "importer.warehousegroup",
    "pk": 2,
    "fields": {
      "name": "\u042e\u0433"
    }
  },
  {
    "model": "importer.warehousegroup",
    "pk": 3,
    "fields": {
      "name": "\u0417\u0430\u043f\u0430\u0434"
    }
  },
  {
    "model": "importer.warehousegroup",
    "pk": 4,
    "fields": {
      "name": "\u042e\u0433\u043e-\u0412\u043e\u0441\u0442\u043e\u043a"
    }
  },
  {
    "model": "importer.warehousegroup",
    "pk": 5,
    "fields": {
      "name": "\u0412\u043e\u0441\u0442\u043e\u043a"
    }
  }
]